,epoch,val_loss
0,0.0,0.29503539204597473
1,1.0,0.21996137499809265
2,2.0,0.1790909618139267
3,3.0,0.10524507611989975
4,4.0,0.07911499589681625
