,epoch,val_loss
0,0.0,0.30221882462501526
1,1.0,0.24911217391490936
2,2.0,0.17990097403526306
3,3.0,0.12020830810070038
4,4.0,0.09067059308290482
