,epoch,val_loss
0,0.0,0.3224255442619324
1,1.0,0.24499981105327606
2,2.0,0.24103233218193054
3,3.0,0.1361701339483261
4,4.0,0.11248210817575455
