,epoch,val_loss
0,0.0,13.37954044342041
1,1.0,14.7802734375
2,2.0,13.54730224609375
3,3.0,12.015442848205566
4,4.0,8.593853950500488
