,epoch,val_loss
0,0.0,12.690430641174316
1,1.0,9.102758407592773
2,2.0,7.600241661071777
3,3.0,7.500200271606445
4,4.0,6.277570724487305
