,epoch,val_loss
0,0.0,12.735917091369629
1,1.0,11.05491828918457
2,2.0,10.645415306091309
3,3.0,9.379462242126465
4,4.0,8.048134803771973
