,epoch,val_loss
0,0.0,9.17124080657959
1,1.0,7.74861478805542
2,2.0,7.641026973724365
3,3.0,6.067302227020264
4,4.0,7.485926628112793
